{"initial_reset_timestamp": 5.083547596, "timestamps": [14.454561285, 21.943651497, 27.041005533, 32.172732585, 37.336238548, 40.560543281, 45.666084561, 50.243569768, 54.621589747, 58.564906471, 61.329442509, 63.707389277, 65.26099933, 67.752539816, 71.151509178, 76.093272143, 81.215740836, 82.906900379, 85.081255617, 87.606309722, 92.743614806, 94.671837005, 96.817287261, 98.153183283, 99.385181775, 102.508892717, 105.319727994, 107.955260848, 110.114588641, 110.913308351, 112.681616254, 115.152255307, 116.687294104, 117.820688162, 121.353089426, 122.713772315, 123.633737179, 125.097476671, 127.95387123, 129.492965587, 130.437642992, 133.797078705, 134.4730747, 136.871885017, 138.531586148, 141.711325894, 144.962970871, 146.959679963, 148.529982509, 151.528963574], "episode_lengths": [999, 999, 999, 999, 999, 630, 999, 902, 488, 575, 455, 449, 294, 484, 607, 870, 999, 322, 421, 490, 999, 364, 412, 256, 236, 600, 546, 322, 409, 156, 334, 476, 294, 222, 686, 256, 177, 272, 548, 293, 184, 641, 131, 462, 313, 551, 585, 367, 298, 575], "episode_rewards": [-73.13885532851326, -87.27319329255485, -87.34014336703478, -92.201301573123, -91.88455123800301, 42.19360694227901, -93.63120022672881, 15.988257996171683, 53.57249500327976, 47.23591569728769, 57.100910337589404, 58.28615187230601, 74.07551661773397, 54.662492213392454, 43.62424091172099, 19.4696772669122, -93.90180791396764, 70.8909641625427, 59.91490370012166, 53.151968755711316, -93.78713934108265, 66.33692010392508, 62.094792462213256, 76.42309478033827, 77.58541549993112, 43.498012289167434, 48.49758645548017, 69.54918666656957, 62.40003709990097, 85.16323503831005, 69.16014393260417, 56.074942637298335, 72.08596770301537, 78.7679104743018, 36.49914220973522, 76.11364113814665, 83.0337715199326, 75.85437634750059, 48.49154850646061, 72.70299549709446, 82.4498785660147, 39.686912457394584, 87.4208696918633, 57.40134862005618, 70.87976021991162, 48.64706643927931, 43.99583815775632, 65.05483458506262, 72.19013691432355, 46.09784720025322], "episode_types": ["t", "t", "t", "t", "t", "t", "t", "t", "t", "t", "t", "t", "t", "t", "t", "t", "t", "t", "t", "t", "t", "t", "t", "t", "t", "t", "t", "t", "t", "t", "t", "t", "t", "t", "t", "t", "t", "t", "t", "t", "t", "t", "t", "t", "t", "t", "t", "t", "t", "t"]}