{"initial_reset_timestamp": 7.817217113, "timestamps": [22.219698834, 32.513342979, 36.40348939, 38.038315711, 39.786044511, 41.542528246, 43.650095591, 45.212641883, 47.911072598, 49.252345734, 50.810374793, 52.39847864, 53.303688544, 54.622527756, 55.854776544, 56.50029891, 57.966270677, 59.703212642, 61.057856408, 62.369533309, 63.153526185, 64.178208571, 64.905397754, 65.81017793, 66.906600555, 68.221169896, 69.151259635, 69.961724745, 70.620409145, 71.219301928, 71.826765076, 72.715960147, 73.927838943, 74.768692827, 75.407531826, 76.312408716, 76.950974753, 77.580568822, 78.22660177, 78.873882531, 79.55059408, 80.198301401, 80.952850235, 82.087990199, 82.79459781, 83.4629159, 84.144987081, 85.244681217, 85.947003544, 86.622414753], "episode_lengths": [1663, 1394, 755, 315, 328, 334, 401, 301, 348, 253, 299, 306, 179, 256, 239, 121, 279, 336, 260, 255, 152, 201, 141, 177, 215, 250, 177, 99, 120, 116, 117, 173, 227, 155, 124, 178, 125, 123, 126, 127, 129, 127, 148, 223, 132, 131, 134, 216, 133, 132], "episode_rewards": [-21.95951443373113, -22.233832121271277, 37.85423828458936, 73.10145015901205, 71.9136221002259, 71.19604357400847, 64.39702427501842, 75.02336821355462, 69.19672401804792, 77.87820364339164, 73.8019816581193, 74.54451622842856, 84.84717864621717, 77.23309635602027, 78.716061368819, 89.26088883484414, 74.90985486722101, 69.88335121953712, 78.21546556138743, 78.04728930846224, 86.5707995985799, 82.9708742968642, 87.71732599443311, 85.37035168263603, 83.77564742351177, 78.41274484279366, 86.65010167858522, 90.82551425399213, 89.89373105731433, 89.22585605859527, 91.3777195309565, 85.8892239690158, 81.23713941342656, 87.0350150048485, 90.05449445345914, 85.88228395489809, 89.25287666259916, 89.70148034043719, 88.51297870086161, 88.456722355273, 87.55092706141517, 88.21853647650192, 86.0563893800306, 79.07736703309307, 88.16491087427345, 87.5280538858943, 87.0298514593288, 79.53794307866639, 87.58594452417552, 87.97455944723107], "episode_types": ["t", "t", "t", "t", "t", "t", "t", "t", "t", "t", "t", "t", "t", "t", "t", "t", "t", "t", "t", "t", "t", "t", "t", "t", "t", "t", "t", "t", "t", "t", "t", "t", "t", "t", "t", "t", "t", "t", "t", "t", "t", "t", "t", "t", "t", "t", "t", "t", "t", "t"]}